,EmployeeID,satisfaction_level,last_evaluation,number_project,average_montly_hours,time_spend_company,Work_accident,promotion_last_5years,sales,salary,left
0,b8wy4okfcg,0.7,0.61,4,163,4,1,0,sales,1,0
1,0i0w4juiwu,0.23,0.51,6,194,4,1,0,RandD,2,1
2,2yo3qpeuhj,0.57,0.7,3,248,2,0,0,technical,2,0
3,mt7c3bq378,0.41,0.48,2,139,3,0,0,technical,1,1
4,lhqr103pcq,0.43,0.46,2,239,3,1,0,sales,2,1
5,5umbp1l79i,0.94,0.8,4,266,3,1,0,support,2,0
6,cu0t6j4bx0,0.71,0.74,3,250,3,0,0,support,1,1
7,wxwy36b51y,0.68,0.84,3,209,3,0,0,sales,3,0
8,x9ctygeu7s,0.75,0.93,3,247,2,0,0,technical,3,1
9,sppye8opua,0.88,0.85,3,220,3,0,0,management,2,1
10,9whz5036l3,0.88,0.5,3,170,3,0,0,technical,2,0
11,ovqqb6jxfe,0.38,0.74,3,159,4,0,0,technical,2,1
12,t34al2bh6h,0.38,0.46,2,145,3,0,0,hr,2,1
13,sk4tacpmzz,0.31,0.53,2,146,3,1,0,support,1,1
14,lys2cjqhws,0.25,0.9,6,229,8,0,0,sales,2,0
15,o0k4dk013k,0.57,0.96,5,203,4,0,0,sales,1,0
16,cvw2ent40u,0.7,0.6,5,208,3,0,0,management,2,1
17,renqqqdk4o,0.8,0.56,6,111,6,0,0,sales,1,1
18,9o6o2xxard,0.94,0.48,4,260,4,0,0,accounting,1,1
19,cvek00f2l7,0.66,0.67,2,255,3,0,0,technical,1,1
20,jzx2pcjc2c,0.63,0.82,5,268,3,0,0,hr,3,0
21,pgl2nj3cbq,0.81,0.83,5,269,6,0,0,technical,2,0
22,wd8zg071jm,0.48,0.5,4,179,3,0,0,sales,2,0
23,tgfx8l7mgk,0.81,0.52,3,255,5,0,0,IT,2,1
24,k9jojvwp0v,0.5,0.83,2,220,2,1,0,sales,2,0
25,ni0whw2x29,0.53,0.59,4,259,3,0,0,sales,1,1
26,y2lc5j5xcw,0.9,0.99,4,259,6,0,0,sales,2,0
27,7k992ig9ax,0.84,0.61,4,261,2,0,0,accounting,3,0
28,cluqxm5wd7,0.38,0.47,2,128,3,0,0,sales,2,1
29,w7zjyx0k5r,0.81,0.86,5,159,2,0,0,accounting,2,0
30,0w72vyflj1,0.95,0.71,4,151,4,0,0,sales,2,1
31,hd28nziwnd,0.91,0.79,5,273,4,1,0,support,2,0
32,wtl1yarfsj,0.78,0.89,5,274,6,0,0,support,2,0
33,wnsxq6dric,0.15,0.53,6,222,3,0,0,technical,2,1
34,sqxvjlduu8,0.6,0.85,2,226,2,1,0,technical,2,1
35,pkx09197di,0.79,0.58,3,294,4,0,0,hr,1,1
36,6ijbs8nc25,0.14,0.76,5,215,4,0,0,technical,1,1
37,nryc95ptub,0.83,0.94,4,243,3,0,0,technical,1,0
38,bzyb8iymn2,0.62,0.81,3,245,2,1,0,hr,1,0
39,76g7qf5iia,0.43,0.53,2,148,3,0,0,sales,2,0
40,attehqnq3n,0.94,0.51,5,142,2,0,0,technical,1,0
41,4q5kdd5f4r,0.1,0.94,6,309,4,0,0,technical,2,1
42,khvg860umb,0.57,0.52,3,143,2,0,0,technical,1,0
43,zcolr7ymld,0.74,0.92,4,261,5,0,0,technical,2,0
44,umek0il99z,0.58,0.79,3,243,3,1,0,sales,2,0
45,sp8lmv1y87,0.93,0.94,4,217,2,0,0,management,1,1
46,m9apqdleyl,0.72,0.51,3,160,3,0,0,sales,2,0
47,6ey3ubl8hi,0.89,0.73,3,274,2,0,0,sales,2,0
48,bc05kkgybp,0.76,0.56,3,179,3,1,0,sales,1,0
49,tzp4u1xx6s,0.84,0.88,4,269,5,0,0,support,1,1
50,b8jfy27l70,0.76,0.63,3,162,2,0,0,sales,2,0
51,69f5ydihg9,0.15,0.98,2,96,2,0,0,sales,3,1
52,8f6j1q7zhg,0.58,0.86,3,151,2,0,0,accounting,2,1
53,6v9hbetk37,0.79,1.0,5,257,6,0,0,sales,1,0
54,us2kk6r5l7,0.98,0.84,3,286,4,0,0,technical,2,1
55,tcwbx6awh1,0.52,0.8,3,156,3,0,0,sales,2,0
56,2kcz6ow8ez,0.51,0.65,4,269,3,0,0,support,2,1
57,znkszsepdn,0.91,0.7,6,201,2,1,0,accounting,1,0
58,gcgwyjeh0b,0.83,0.9,4,195,3,0,0,sales,1,0
59,tm7r130enw,0.09,0.96,6,259,4,0,0,support,1,1
60,sf2urrzc03,0.72,0.39,5,111,5,0,0,support,1,1
61,4n2l440ulx,0.59,0.71,2,176,2,1,0,sales,2,0
62,bktsv9w773,0.59,0.42,3,196,3,0,0,product_mng,1,1
63,3cxcjxlm9b,0.64,0.55,3,147,2,0,0,support,1,0
64,b1xcenw2ft,0.48,0.69,4,245,3,0,0,management,2,1
65,pv022nxhtf,0.1,0.93,6,256,4,0,0,support,1,1
66,zybjllbapx,0.24,0.85,4,155,5,0,0,product_mng,1,1
67,efjyhl8dmz,0.84,0.37,5,186,2,0,0,technical,2,1
68,001b3dh76f,0.5,0.56,3,164,3,0,0,accounting,2,0
69,s9pxgnssw3,0.78,0.71,4,296,3,0,0,hr,1,1
70,lnzchcrj7o,0.47,0.79,3,284,10,0,0,sales,1,0
71,tim6kc8yw0,0.73,1.0,5,274,5,0,0,product_mng,1,1
72,ht5z83g3yg,0.94,0.9,5,191,4,0,0,support,1,0
73,glxyyoj0oj,0.84,0.52,6,98,3,0,0,marketing,1,1
74,4yiq4mezjj,0.76,0.98,5,242,5,0,0,management,1,1
75,e5hqtk2r2y,0.45,0.45,4,168,2,0,0,sales,1,1
76,xjcrbpompb,0.98,0.62,5,254,5,1,0,sales,1,0
77,hrupgdlpep,0.94,0.84,5,203,3,0,0,technical,1,0
78,hrpp5y1i5g,0.39,0.53,2,127,3,0,0,sales,2,1
79,da97fpfxwm,0.76,0.57,5,255,4,0,0,management,2,1
80,ch5y8kk1f8,0.89,0.77,3,144,3,0,0,management,3,1
81,tu6wd9avyr,0.62,0.51,4,193,3,0,0,accounting,3,0
82,x1nvphmhji,0.59,0.62,3,203,4,0,0,support,2,0
83,12xpj5ygd5,0.74,0.69,3,230,2,0,0,support,2,1
84,s1j41f8pwx,0.54,0.64,3,250,3,0,0,sales,2,0
85,6np0pjgxxj,0.52,0.97,4,170,3,0,0,support,2,1
86,kftpol5fuh,0.41,0.54,2,190,4,0,0,support,1,0
87,9a94mdhw3j,0.44,0.38,3,197,2,0,0,sales,2,0
88,pk4gnor2r4,0.69,0.65,3,153,2,0,0,marketing,2,1
89,veuviyf0ko,0.11,0.85,6,305,4,0,0,accounting,2,1
90,8r3xwa5gr7,0.77,0.73,5,263,2,0,0,accounting,3,0
91,ivcpoeeqsq,0.35,0.56,3,144,3,0,0,sales,2,0
92,zb5tbdi6ik,0.91,0.65,5,174,2,0,0,technical,2,0
93,ukfs9w8did,0.97,0.75,2,271,6,0,0,sales,1,1
94,a8yko7x1w8,0.73,0.87,3,142,3,0,0,management,1,1
95,60lvqk71ab,0.86,0.91,5,265,5,0,0,IT,1,1
96,rnnb3x0oo0,0.49,0.69,2,128,2,0,0,support,2,1
97,gj793mybtk,0.59,0.72,3,182,3,0,0,sales,2,0
98,evu3hfmcng,0.93,0.95,5,176,6,0,1,accounting,2,1
99,olxyinzl0w,0.94,0.85,3,137,3,0,0,sales,1,0
100,9u9g4d30ge,0.99,0.72,3,119,2,1,0,marketing,1,0
101,6ostkh20s2,0.97,0.82,3,135,2,0,0,technical,1,1
102,h5uauwrxdf,0.9,0.58,3,244,8,0,0,sales,1,1
103,kteti5vz67,0.18,0.76,5,173,4,0,0,support,2,1
104,k1ah46y545,0.81,0.92,3,136,3,0,0,marketing,2,1
105,ibtgnacyep,0.67,0.84,6,250,2,0,0,sales,1,0
106,vslu350wwv,0.5,0.6,4,200,2,0,1,support,2,1
107,u4zkcx6b6p,0.46,0.53,3,135,2,0,0,management,1,1
108,72hp51q75x,0.47,0.5,4,254,4,0,0,sales,1,1
109,b4fr13hy74,0.77,0.98,5,259,6,0,0,product_mng,1,1
110,r9g9i2rj2v,0.57,0.78,3,162,2,0,0,sales,1,1
111,f5vkokl08s,0.33,0.82,5,249,6,0,0,product_mng,1,1
112,5reqm3x88n,0.8,0.95,5,244,5,0,0,sales,2,0
113,wmwwqty4av,0.69,0.55,5,242,2,0,0,sales,2,0
114,4mbur65sgs,0.24,0.91,5,258,6,0,0,support,1,1
115,6a9kjx97cw,0.63,0.8,4,243,2,0,0,sales,2,0
116,605m2t4qpm,0.86,0.84,5,222,5,0,0,IT,1,1
117,1ker832548,0.7,0.39,6,285,4,0,0,sales,1,1
118,7bxzqnz5n5,0.9,0.77,4,273,2,0,0,technical,1,0
119,vcrpoixp0v,0.56,0.74,3,154,2,0,0,hr,2,1
120,fugrvmhei8,0.4,0.47,5,173,5,0,0,technical,2,0
121,0y02wi6h1m,0.53,0.94,4,202,3,1,0,sales,1,0
122,zx22vthywm,0.77,0.51,2,254,5,0,0,accounting,2,0
123,s1dv0qbb22,0.36,0.49,2,147,3,0,0,marketing,1,1
124,elu6avsq9o,0.8,0.82,4,271,4,0,0,sales,1,0
125,nq6uwxqvtg,0.11,0.8,7,296,4,0,0,sales,1,1
126,0uhyhsd5vf,0.83,0.8,4,149,3,0,0,management,1,1
127,6gnuuhn39q,0.74,0.48,5,165,2,0,0,sales,3,0
128,u1esjdz2vz,0.38,0.52,2,154,3,0,0,sales,2,0
129,6rkt57cjza,0.96,0.76,4,158,3,0,0,IT,1,1
130,m4lyxseyd8,0.43,0.65,4,124,2,0,0,sales,2,0
131,s729pzr68w,1.0,0.86,4,161,2,0,0,marketing,3,1
132,06a57wjo53,0.38,0.54,2,128,3,0,0,technical,1,1
133,akxfqbze5o,0.74,0.5,4,216,3,0,0,sales,2,0
134,de3lvfp0eb,0.87,0.93,4,199,3,0,0,technical,1,0
135,jh2qwtd6ue,0.36,0.48,5,310,3,0,0,product_mng,2,1
136,nm8foqhd92,0.96,0.71,3,205,8,1,0,management,2,1
137,4mzsf7vpn4,0.43,0.49,2,135,3,0,0,sales,2,0
138,4vqfnty96s,0.7,0.78,5,264,2,0,0,sales,2,0
139,ycemvx8x1w,0.69,0.83,5,225,3,0,0,management,1,1
140,n48sxeu0j6,0.6,0.97,4,219,4,1,0,hr,1,0
141,d1c7wysxij,0.19,0.83,5,280,4,0,0,RandD,1,1
142,hxx90g8w50,0.72,0.88,3,224,3,0,0,technical,1,1
143,040mobew89,0.67,0.63,3,241,3,0,0,marketing,2,1
144,p12273v4q0,0.74,0.54,5,216,3,0,0,sales,1,1
145,mgjdo6nqs0,0.65,0.61,5,167,8,0,0,sales,1,1
146,45vmkpa84p,0.09,0.78,6,244,4,0,0,IT,1,1
147,lz4o6v1uod,0.23,0.94,5,242,4,0,0,support,2,1
148,9h9xwjp3f9,0.36,0.47,2,136,3,0,0,accounting,1,1
149,um9a1940r8,0.47,0.43,4,246,3,0,0,support,1,1
150,0fotzw885t,0.52,0.73,2,233,3,0,0,technical,2,0
151,shmndobnr4,0.32,0.86,4,266,4,0,0,RandD,1,1
152,6w8w3de5ty,0.49,0.49,3,104,7,0,0,product_mng,3,1
153,otyxslmm51,0.73,0.78,5,150,3,0,0,sales,1,0
154,hgzf5gks0s,0.97,0.7,3,253,3,0,0,sales,2,0
155,90bnhvem6a,0.57,0.69,4,255,3,0,0,hr,2,0
156,pjdly3a25w,0.44,0.54,2,133,3,0,0,technical,1,1
157,3znxpcuttt,0.79,0.79,4,231,2,0,0,sales,1,0
158,effxh7wsux,0.91,0.82,2,241,3,0,0,sales,2,0
159,w0onxgrijp,0.75,1.0,4,272,4,1,0,IT,2,0
160,xrv3q8an2q,0.97,0.52,4,207,3,0,0,product_mng,1,1
161,ht0cq1mwzz,0.68,0.51,4,157,3,0,0,sales,1,0
162,nwtgxd3zja,0.89,0.68,4,146,3,0,0,sales,1,0
163,yohp8etdxk,0.57,0.67,3,138,6,1,0,IT,2,1
164,wetn9e0tnx,0.13,0.61,5,198,5,0,0,sales,2,0
165,xvpvxvicy3,0.17,0.71,5,257,4,1,0,sales,2,1
166,prwgeiw8gt,0.11,0.87,6,280,4,0,0,technical,1,1
167,yis6mmx3sg,0.93,0.89,4,209,2,0,0,RandD,2,1
168,x419hh4jcb,0.39,0.56,2,142,3,0,0,accounting,1,1
169,5rqjwvon4b,0.22,0.53,5,160,4,1,0,sales,2,1
170,xy2ddqvbas,0.55,0.64,3,101,2,1,0,sales,2,0
171,f8js7lr26o,0.71,0.77,3,145,3,0,0,technical,3,1
172,4mzm1nev1a,0.5,0.64,2,170,8,0,0,sales,1,1
173,07nqgr2bps,0.88,0.89,4,254,5,0,0,sales,1,0
174,jfvnmcbeyb,0.89,0.84,3,166,2,0,0,support,3,1
175,wnj2sfyn6g,0.51,0.53,3,237,3,0,0,hr,2,0
176,fmchb5o0qi,0.85,0.72,3,245,10,0,0,accounting,2,0
177,lvvae34g9p,0.97,0.52,4,207,3,0,0,product_mng,1,1
178,zawb7jg5si,0.69,0.91,6,247,6,0,0,RandD,2,1
179,sh5g86h8mk,0.24,0.5,4,232,3,0,1,accounting,3,1
180,n7s04niaei,1.0,0.87,3,274,3,0,0,product_mng,2,1
181,ptye3o08s7,0.78,0.72,4,219,3,0,0,hr,2,0
182,8addbzif2g,0.57,0.58,3,251,2,0,0,support,3,0
183,bzbzk6uu8r,0.89,0.65,3,210,3,0,0,marketing,1,1
184,ftu23573c5,0.83,0.59,5,160,4,0,0,product_mng,1,1
185,ria9m3nc4x,0.48,0.56,5,140,2,0,0,IT,1,0
186,zjvp7r5a8x,0.84,0.55,4,270,3,1,0,sales,2,0
187,60lic8s9l8,0.39,0.37,5,156,4,0,0,sales,2,0
188,3ohhg7jive,0.7,0.72,2,189,3,0,0,sales,1,1
189,c0p5uvc6hx,0.45,0.54,2,129,3,0,0,marketing,3,1
190,svsuth4c7z,0.51,0.55,2,102,7,0,1,management,2,1
191,06wnokz8in,0.76,0.56,4,214,2,1,0,sales,2,0
192,e6gq8bror5,0.73,1.0,4,252,5,0,0,technical,2,1
193,9i24gbeunh,0.59,0.69,3,200,3,0,0,sales,1,1
194,tu6ei690a6,0.55,0.96,4,267,3,0,0,sales,2,0
195,s24abuiyz2,0.19,1.0,4,192,4,0,0,accounting,1,1
196,9mcwlwj44g,0.92,0.61,4,252,2,0,0,support,2,1
197,gii0ll8ey2,0.73,0.83,5,266,5,0,0,sales,1,0
198,mrca0ayw04,0.78,0.58,3,154,3,0,0,IT,1,1
199,xou9y27vdz,0.93,0.97,3,256,2,1,0,product_mng,1,1
200,q9uouhs2bi,0.42,0.51,2,136,3,0,0,technical,2,1
201,a1wy3jfovf,0.36,0.42,3,206,5,0,0,marketing,3,1
202,or08in3vqh,0.6,0.98,5,213,3,0,0,hr,1,0
203,c8xkqzuos4,0.1,0.96,7,288,4,0,0,technical,1,1
204,onn54h0u94,0.2,0.56,5,181,6,0,0,accounting,2,0
205,458n39bbdz,0.85,0.5,4,267,3,0,0,sales,1,1
206,m2nefbwvpm,0.45,0.52,2,147,3,0,0,technical,1,1
207,yyt1gbznt9,0.85,0.98,5,248,5,0,0,product_mng,2,1
208,iqgig9lkjl,0.53,0.89,3,167,2,0,0,product_mng,1,1
209,gt5uwowaj0,0.11,0.9,6,263,4,0,0,IT,1,1
210,i5piabv8v1,0.76,0.6,4,177,2,0,0,support,1,0
211,0tfl220gx6,0.11,0.89,6,260,5,0,0,sales,1,1
212,bfje14zx8g,0.98,0.66,3,204,2,0,0,sales,2,0
213,r4ormm3g2d,0.1,0.87,6,250,4,0,0,sales,1,1
214,6rfiqf459f,0.65,0.75,3,194,4,1,0,sales,1,0
215,8xx1a2p5xr,0.86,0.57,3,162,7,0,0,sales,2,0
216,hyum7j0coe,0.4,0.5,2,127,3,0,0,IT,1,1
217,9o20sp8j02,0.65,0.7,4,211,2,0,0,support,1,0
218,4ibbhgsx6q,0.77,0.56,3,167,4,0,0,accounting,2,0
219,7ys9q787l0,0.22,0.63,5,284,6,0,0,RandD,1,1
220,cpgrlhma40,0.65,0.48,3,131,3,1,0,sales,2,0
221,ief808xf7r,0.95,0.96,3,220,3,0,0,RandD,1,1
222,uvyezealxr,0.6,0.62,3,135,2,0,0,sales,2,0
223,a5ybsczedj,0.6,0.63,3,182,3,0,0,accounting,2,0
224,ajr6yc0jv2,0.88,0.68,5,157,4,1,0,marketing,2,1
225,22hnj530x3,0.38,0.45,2,156,3,0,0,sales,2,0
226,bmgqpx4176,0.27,0.86,3,222,5,0,0,support,2,1
227,xw645h89o5,0.67,0.66,6,152,3,0,0,RandD,2,1
228,filk0h3rxf,0.48,0.85,3,279,4,0,0,IT,1,1
229,5myhntjshd,0.2,0.68,5,167,7,0,0,marketing,2,1
230,w0pw4nstk1,0.64,0.88,3,252,2,0,0,sales,1,0
231,9931vu7g6b,0.9,1.0,5,232,5,0,0,technical,2,1
232,wzd00to3f8,0.75,0.88,3,224,2,0,0,sales,1,0
233,smkjr424mk,0.82,0.55,3,217,4,1,0,technical,2,0
234,c5wwcbbbak,0.72,0.68,3,150,3,1,0,product_mng,2,1
235,rl16y5bseu,0.83,0.57,2,246,5,1,0,accounting,1,0
236,ybcpdgckk1,0.38,0.86,6,139,6,0,0,technical,2,1
237,ba1n2ljlji,0.65,0.92,3,219,3,0,0,technical,2,1
238,7ijsvdjbrf,0.67,0.49,3,247,10,0,0,sales,2,0
239,a64es83k3s,0.86,0.84,5,254,5,0,0,product_mng,2,1
240,dbvey6lmyg,0.37,0.52,2,143,3,0,0,marketing,1,1
241,5dcjurkiro,0.48,0.43,3,96,3,0,0,support,1,1
242,i6i0yiexgh,0.1,0.87,6,290,4,0,0,support,1,1
243,iokfkv7dud,0.93,0.9,4,256,4,0,0,technical,1,0
244,d7660tkcsx,0.63,0.47,3,180,3,1,0,support,3,1
245,eof28j1vo3,0.43,0.47,2,144,3,0,0,hr,2,1
246,mkx2kfnv29,0.44,0.5,2,135,3,0,0,sales,1,1
247,b8rfl3r2hk,0.53,0.7,4,155,5,1,0,support,1,1
248,hjs0m98icq,0.6,0.62,5,274,3,0,0,management,2,1
249,s12ebcd3hb,0.92,0.49,5,259,3,1,0,support,2,0
250,4g7n9roes5,0.44,0.5,2,148,3,0,0,accounting,2,0
251,jxu5ubsrnn,0.43,0.45,2,146,3,0,0,IT,2,1
252,ozi5zp5ba0,0.55,0.87,4,200,3,0,0,marketing,1,1
253,ejx1rwiurz,0.72,0.84,5,257,5,0,0,technical,2,0
254,xyx3rw4ttk,0.98,0.74,3,164,3,0,0,sales,2,0
255,h8u5cekahb,0.11,0.8,6,285,4,0,0,accounting,2,1
256,nct1fkugep,0.97,0.8,3,169,3,0,0,marketing,1,1
257,nn8ofi38a3,1.0,0.67,3,181,2,0,0,technical,1,0
258,ujf28gai25,0.41,0.46,2,151,3,0,0,product_mng,1,1
259,oc9u58k1w4,0.71,0.88,3,140,2,0,0,technical,1,1
260,a3p0k3muey,0.56,0.73,4,148,3,0,0,sales,1,0
261,j27ntul9md,0.11,0.84,6,251,4,0,0,technical,1,1
262,6pz9anelcz,0.87,0.57,4,175,2,1,0,technical,1,0
263,newmgrrs62,0.62,0.7,5,180,4,0,0,product_mng,3,1
264,eals2w4gw3,0.21,0.82,4,207,5,0,0,technical,3,0
265,3w6zi2mi7d,0.96,0.57,3,263,3,0,0,support,1,1
266,m8nvt7ergv,0.09,0.82,6,257,4,0,0,accounting,2,1
267,c2s5k4cymg,0.35,0.67,3,119,3,0,1,marketing,2,1
268,rtxxb78rsh,0.87,0.89,3,140,2,1,0,RandD,1,1
269,9xrbsbafu3,0.63,0.77,5,210,3,0,0,RandD,2,1
270,2qqiysd79j,0.6,0.82,4,272,3,0,0,support,1,1
271,wp96ejh7zh,0.78,0.86,5,274,5,0,0,sales,1,0
272,nycixh4zdv,0.89,0.79,4,133,2,0,0,support,2,1
273,j3sixv8sto,0.42,0.54,2,143,3,0,0,product_mng,3,1
274,gckd8uc5cw,0.64,0.67,5,167,2,0,0,sales,1,0
275,lagmo79vlq,1.0,0.96,4,155,3,0,0,support,2,1
276,1zax46jzw8,0.81,0.51,4,271,2,0,0,sales,1,1
277,zj9z6ibsh2,0.88,0.67,5,264,3,0,0,product_mng,2,1
278,9uooz88eo0,0.62,0.79,3,274,3,0,0,support,2,1
279,57mbardzpd,0.66,0.6,3,210,2,0,0,sales,1,1
280,h2o6hjcpey,0.76,0.92,4,246,5,0,0,sales,1,0
281,5x3kh1awpu,0.1,0.84,6,261,4,0,0,accounting,2,1
282,0ttet6y7k5,0.54,0.48,3,275,2,0,0,sales,3,0
283,1di1efes6j,0.63,0.58,4,141,3,1,0,technical,2,0
284,e81kq9f2fc,0.46,0.48,2,141,3,1,0,sales,1,1
285,4h5dj8itif,0.89,0.87,5,255,5,0,0,RandD,2,1
286,83iufruhw0,0.39,0.37,3,127,3,0,0,sales,1,1
287,nbla0jmv4a,0.35,0.37,4,153,2,0,0,sales,2,0
288,dk1w0uk8o3,0.49,0.92,5,176,3,0,0,marketing,1,1
289,20ossutle2,0.3,0.51,2,178,3,0,0,sales,1,0
290,tyt5d6a1oh,0.48,0.77,3,197,3,0,0,hr,2,0
291,qqkb2uqhbz,0.4,0.46,2,130,3,0,0,sales,1,1
292,9cg0sd37vy,0.7,0.85,4,142,2,0,0,support,1,1
293,udiognz67j,0.59,0.88,3,159,2,0,0,technical,2,1
294,fbnsi8dntb,0.5,0.55,4,148,3,1,0,hr,1,1
295,ga5fn12pkx,0.1,0.87,6,307,4,0,0,product_mng,3,1
296,v0v3npn8uw,0.43,0.56,2,136,3,0,0,sales,1,1
297,srjaposhe7,0.17,0.84,5,216,4,0,0,support,2,1
298,iy0yuf7gt4,0.23,0.59,5,245,5,0,0,hr,1,1
299,xd91zr8sdm,0.41,0.46,2,128,3,0,0,accounting,1,1
300,pcpgdteghe,0.18,0.54,6,209,5,1,0,sales,1,1
301,cic4lq8aja,0.7,0.69,4,158,3,0,0,IT,1,1
302,lyxkw4lala,0.69,0.63,5,140,4,0,1,sales,3,1
303,sz5yorj5sh,1.0,0.89,3,230,3,1,0,technical,1,0
304,rgiyblimyy,0.58,0.49,2,107,3,0,0,technical,2,1
305,wob90ukcc9,0.98,0.68,5,171,3,0,0,management,3,1
306,aopy37dvb3,0.59,0.56,4,221,3,1,0,technical,1,0
307,3en678j6ez,0.51,0.58,4,272,3,0,0,accounting,2,0
308,6scma1qhh7,0.69,0.73,4,257,10,1,0,sales,2,0
309,rrpa4hrgbh,0.1,0.81,7,291,4,0,0,sales,3,0
310,mz0kjaag38,0.37,0.45,2,149,3,0,0,sales,1,1
311,dnpmujv8du,0.49,0.55,2,173,3,0,0,technical,2,1
312,15f4s7jqsh,0.38,0.54,2,150,3,0,0,sales,2,0
313,1ljxelooso,0.69,0.99,3,198,2,0,0,technical,2,1
314,iv53yy14dd,0.8,0.8,3,175,2,0,0,RandD,2,1
315,htbtq2vn9j,0.76,0.49,5,243,3,0,0,technical,1,1
316,aj5u7qn2vh,0.81,0.64,4,213,3,0,0,support,2,0
317,dm3scmooak,0.84,0.54,3,245,3,0,0,sales,1,1
318,84k5mbqzsq,0.5,0.8,6,201,5,0,0,technical,2,1
319,97d3q03bhm,0.54,0.75,4,199,2,0,0,management,2,1
320,prugssfozq,0.93,0.81,3,212,3,0,0,technical,2,1
321,qzzqao498s,0.49,0.49,4,256,3,1,0,support,1,1
322,ck7yp7lkwy,0.65,0.89,4,240,3,0,0,sales,1,0
323,0ugv64wq1n,0.66,0.48,3,203,4,1,0,management,1,0
324,quc1zxmzef,0.92,0.84,5,264,3,0,0,technical,2,0
325,dkssel36pm,0.58,0.5,4,225,3,0,0,support,3,0
326,lmb5vv06qj,0.6,0.88,3,201,2,0,0,hr,1,1
327,wow3vvqlpl,0.4,0.58,3,135,3,0,0,accounting,1,1
328,yax54km21y,0.55,0.49,3,205,3,0,0,sales,2,0
329,0yydt3tmjq,0.98,0.91,3,165,2,1,0,hr,2,0
330,xeeswoyaht,0.83,0.86,3,179,2,0,0,RandD,2,1
331,l7ixl0blrc,0.65,0.37,3,170,6,0,0,IT,1,1
332,x09akry644,0.37,0.46,2,140,3,0,0,support,1,1
333,h2gd1jfqfz,0.8,0.68,4,157,3,0,0,sales,2,0
334,2ukcfvwcj5,0.96,0.59,3,241,3,0,0,product_mng,1,1
335,fd2iz73vvj,0.96,0.95,6,215,4,0,0,IT,1,1
336,d0f56ki3nr,0.71,0.53,6,203,3,0,0,sales,2,0
337,oho7bcocuj,0.6,0.6,4,182,3,0,0,support,2,1
338,v2lbxxpn00,0.83,0.95,4,251,5,0,0,marketing,2,1
339,qcpi355267,0.58,0.82,4,268,3,0,0,sales,2,0
340,bb3yxdueh4,0.59,0.9,3,245,3,1,0,technical,1,0
341,tqilz82jp8,0.8,0.6,3,247,2,0,0,sales,2,0
342,tkrr1bbpws,0.59,0.59,3,141,3,0,0,RandD,1,1
343,uq4jj3j2hd,0.57,0.75,5,252,3,0,0,RandD,2,1
344,b3fsyer23x,0.79,0.85,4,100,6,0,0,support,2,1
345,atj0za1gkd,0.57,0.6,4,248,4,0,0,IT,1,1
346,60era2ohte,0.61,0.41,3,103,2,0,0,technical,3,1
347,lm4yg1ta83,0.5,0.71,5,210,5,0,0,technical,2,0
348,sqy3xf0v1s,0.7,0.67,5,136,3,0,0,sales,2,0
349,6eyluh07i5,0.29,0.37,6,187,10,1,0,sales,3,0
350,zco4xfz86m,0.73,0.78,3,262,7,1,1,management,3,1
351,0vnw564nci,0.7,0.95,4,231,3,0,0,support,2,1
352,6vvyx89znc,0.76,0.81,4,193,3,1,0,accounting,1,0
353,bxrqy3pq60,0.86,0.87,5,171,2,0,0,sales,1,0
354,x2tjaj7w2f,0.44,0.45,2,124,3,0,0,sales,1,1
355,c9pr3gyk7g,0.97,0.78,4,261,2,0,0,technical,2,0
356,dn3jqgh30h,0.59,0.47,3,159,4,0,0,product_mng,1,1
357,f898p4d1nu,0.73,0.89,5,236,6,0,0,product_mng,1,1
358,3u4h2zki9o,0.43,0.52,2,141,3,0,0,technical,2,1
359,13ezvcun2c,0.84,0.54,3,265,2,0,0,marketing,2,1
360,u2w0lsgxw0,0.45,0.54,2,129,3,0,0,technical,2,1
361,elo50tzs5b,0.99,0.7,4,190,4,1,0,RandD,2,1
362,vl9szormhs,0.51,0.85,4,186,2,0,0,product_mng,1,1
363,kmxj535fvv,0.59,0.92,3,138,10,0,0,support,1,1
364,6o8h5jofb5,0.65,0.91,4,243,5,1,0,IT,2,1
365,v4y6zu4zs4,0.92,0.44,3,260,8,0,0,sales,1,1
366,qd984n1oyj,0.97,0.87,2,175,6,0,0,support,3,1
367,82gcgpn2zt,0.84,0.79,4,259,3,0,0,RandD,2,1
368,je44l4w4x9,0.58,0.98,3,146,3,0,0,technical,2,1
369,e52lmd12nl,0.39,0.89,3,188,5,0,0,support,1,1
370,1abcd8p54q,0.55,0.52,4,168,8,0,0,support,1,1
371,zgdnsz02ct,0.1,0.97,6,247,4,0,0,management,2,1
372,73zeo0h6jg,0.49,0.58,3,136,4,1,0,technical,1,1
373,yc1877syhp,0.83,0.5,5,274,3,0,0,accounting,1,1
374,lcgji7jnfd,0.43,0.52,2,150,3,0,0,product_mng,1,1
375,jzwor3mk31,0.97,0.38,5,211,7,1,0,sales,2,0
376,aenmy5quss,0.51,0.54,3,154,3,1,0,IT,2,1
377,o46em0aebk,0.99,0.68,4,238,3,0,0,IT,1,1
378,8z2zflz2fh,0.63,0.74,4,173,3,0,0,product_mng,2,1
379,4kms2embmb,0.69,0.74,4,266,2,1,0,support,1,0
380,wj2bi45z1z,0.24,0.38,6,109,2,0,0,support,2,1
381,qamx5xeguu,0.1,0.77,7,291,4,0,0,accounting,1,1
382,1krgbvhmv7,0.64,0.59,3,174,3,1,0,accounting,1,0
383,d80umnrc12,0.56,0.68,3,269,3,1,0,technical,1,0
384,r0ljofjqdw,0.1,0.81,6,269,4,0,0,accounting,2,1
385,279qb6icx3,0.91,0.77,3,144,3,0,0,sales,2,0
386,rr5xlq5kgg,0.95,0.78,3,204,2,1,0,marketing,2,1
387,9wpn6myvsk,0.92,0.92,4,245,5,0,0,sales,1,0
388,js37ff9mtm,0.75,0.92,3,160,3,1,0,technical,2,1
389,c6wbwrgng0,0.75,0.75,3,273,3,0,0,marketing,2,1
390,4t8pk91be5,0.11,0.95,6,286,4,0,0,technical,2,1
391,uzv1d17fm8,0.82,0.71,3,150,3,0,0,support,2,1
392,3bgc868ysi,0.95,0.63,3,153,2,0,0,sales,1,0
393,1eb8psf4iz,0.81,0.49,4,285,4,0,0,sales,1,1
394,173qgbz3ff,0.7,0.54,3,194,2,1,0,IT,1,0
395,6dftpm5lk6,1.0,0.74,2,187,3,0,0,support,2,1
396,icoo8fb7iw,0.85,0.49,4,142,3,0,0,support,2,0
397,dwczya63jw,0.1,0.79,6,291,4,0,0,sales,1,1
398,i8to0h2d7g,0.34,0.46,2,169,2,1,0,support,1,1
399,gj3clzrgt7,0.43,0.47,2,248,2,0,0,sales,2,0
400,utolbyt1sd,0.6,0.72,4,267,4,0,0,support,1,1
401,wk2ii8tm1n,0.9,0.78,4,261,2,1,0,sales,2,0
402,w0e2ydbbt6,0.43,0.54,2,142,3,0,0,support,1,1
403,9bizn6jywz,0.87,0.73,5,184,3,0,0,product_mng,1,1
404,58pljqludr,0.37,0.54,2,132,3,0,0,technical,1,1
405,fccuik30ft,0.2,0.83,4,258,4,0,0,sales,3,0
406,fjq9irz1h8,0.8,0.8,3,271,4,0,0,sales,1,1
407,8icw568y6d,0.97,0.93,2,160,6,0,0,technical,2,1
408,du5ezi2gi2,0.94,0.84,5,240,3,0,0,sales,1,0
409,4dstpec8ma,0.66,0.65,3,272,10,0,0,IT,2,1
410,7fw6c88o16,0.89,0.59,4,230,3,0,0,hr,2,0
411,cy98m3yaya,0.81,0.81,5,215,2,0,0,sales,1,0
412,qwvusiv2qa,0.45,0.51,2,138,3,0,0,technical,1,1
413,ims5zm2ymf,0.87,0.81,5,304,5,0,0,product_mng,1,1
414,q7tj8cd2y2,0.85,0.74,3,157,3,0,0,technical,2,1
415,zal00yav9w,0.57,0.94,4,257,3,0,0,marketing,2,1
416,4j7osac2qv,0.88,0.86,3,187,3,0,0,marketing,1,1
417,s8ffsfgj8u,0.75,0.77,5,199,4,0,0,sales,2,0
418,a7eoth3o1m,0.66,0.65,3,272,10,0,0,IT,2,1
419,xm1wfwenfj,0.56,0.56,5,229,4,1,0,support,1,1
420,73nr0p2hlc,0.94,0.9,2,263,3,0,0,RandD,1,1
421,nss68yetsr,0.78,0.96,3,202,4,1,0,marketing,2,1
422,h4gsct9na2,0.62,0.95,4,132,3,0,0,RandD,2,1
423,aezihwuqa2,0.86,0.87,3,268,2,0,0,sales,3,0
424,8zknl4gvqg,0.64,0.5,4,189,3,0,0,IT,2,1
425,h38cp8vvue,0.37,0.55,2,140,3,0,0,technical,1,0
426,1fj1sqi4gf,0.91,0.96,4,232,5,0,0,sales,1,0
427,4g796r8fxb,0.79,0.68,5,272,3,0,0,support,2,0
428,f0lpy8aa5d,0.75,0.59,3,117,3,1,0,RandD,2,1
429,vlj7avrsqr,0.38,0.46,2,137,3,0,0,technical,1,1
430,ujd41qltg5,0.38,0.5,2,140,3,0,0,sales,2,0
431,vpwwq4edqv,0.42,0.48,2,140,3,0,0,sales,1,1
432,7vr74sypma,0.8,0.9,5,267,5,0,0,technical,2,0
433,5zovm4vggi,0.39,0.5,2,135,3,0,0,support,1,1
434,78nbqba8gw,0.59,0.81,4,173,2,0,0,sales,2,0
435,rrqwt2dvrr,0.63,0.64,3,180,3,0,0,accounting,1,0
436,o1cb36271i,0.16,0.61,6,269,2,0,0,accounting,3,0
437,lcuo702wqm,0.37,0.46,2,156,3,0,0,sales,1,0
438,xr0k2qo8ke,0.96,0.9,4,201,3,0,0,sales,1,0
439,7uop8eo2gf,0.7,0.67,3,179,3,1,0,sales,2,0
440,0x8lopqanp,0.73,1.0,4,268,5,0,0,sales,2,0
441,7fsi4lkqh6,0.95,0.75,4,203,3,0,0,hr,1,0
442,5tr4oco4sd,0.16,0.54,5,206,5,0,0,sales,2,0
443,ygepc71pcq,0.84,0.75,3,184,3,0,0,sales,2,0
444,mk8kpff341,0.5,0.62,4,166,3,1,0,support,1,1
445,tdteficuit,0.69,0.94,5,259,2,0,0,IT,2,1
446,gpsmnwax6f,0.72,0.64,3,231,2,0,0,accounting,2,0
447,i5n7m3m4m4,0.47,0.55,5,207,3,0,0,support,1,1
448,ari0349quo,0.1,0.83,5,271,5,0,0,support,1,1
449,5s603qm657,0.1,0.86,6,247,4,0,0,sales,2,0
450,lohepvei8r,0.1,0.86,6,247,4,0,0,IT,2,1
451,3wu3r3cfdr,0.34,0.82,6,202,3,0,0,sales,1,0
452,nb38ssd39d,0.14,0.93,4,180,4,0,0,marketing,3,1
453,k2ok4k1pdq,0.82,0.99,3,195,2,0,0,support,3,1
454,91e4c5ll1f,0.67,0.83,5,269,2,0,0,sales,2,0
455,vr0pzms46l,0.16,0.57,5,144,4,1,0,product_mng,1,1
456,i0eefli4hj,0.46,0.63,2,177,6,0,0,RandD,2,1
457,h4ecq2c2bm,0.51,0.8,4,257,2,0,0,support,1,0
458,g86rqv7mc4,0.57,0.96,4,257,3,0,0,sales,2,0
459,bb66qwjli4,0.18,0.73,6,225,4,0,0,product_mng,1,1
460,c8af9gqxvx,0.24,0.82,5,179,6,0,0,technical,2,1
461,jhtz81q5b5,0.8,0.89,2,166,3,0,0,technical,2,1
462,go964bt6o6,0.63,0.87,5,248,2,0,0,technical,1,0
463,n73sjet9pi,0.68,0.62,3,158,3,0,0,technical,2,1
464,zzlgex7ksr,0.74,0.64,4,147,5,0,0,technical,2,1
465,h9cmqok85t,0.85,0.65,4,280,3,1,0,IT,2,1
466,w94xtrv0ol,0.93,0.62,4,258,3,0,0,sales,2,0
467,wuzlsejrq0,0.65,0.67,3,240,2,1,0,technical,1,0
468,fzo75mjf7m,0.62,0.68,3,253,5,1,0,RandD,1,1
469,e6pjpp807d,0.44,0.66,3,162,2,0,0,sales,2,0
470,ia8luq72u3,0.93,0.87,5,154,2,0,0,technical,2,0
471,ugicherpt7,0.85,0.83,3,226,2,0,0,RandD,2,1
472,drsh3b9qad,0.35,0.6,5,239,5,0,0,support,2,1
473,qpcf46dsuu,0.95,0.9,4,221,10,1,0,management,3,0
474,lrnkcbzfaz,0.74,0.71,3,206,3,0,0,management,3,1
475,p8u5zidvrm,0.8,0.51,5,196,3,0,0,IT,1,1
476,takbhxdpbb,0.44,0.56,2,158,3,0,0,accounting,2,1
477,eimirsq3t3,0.8,0.82,4,175,2,0,0,management,1,1
478,r5cqik4gk7,0.31,1.0,4,177,5,0,0,accounting,2,0
479,uq4n62pj9e,0.53,0.71,4,227,3,0,0,technical,1,0
480,dkg38nvrbq,0.1,0.86,6,278,4,0,0,technical,3,0
481,b2fa45y0vy,0.5,0.85,4,150,2,0,0,support,3,1
482,5kfyfhzvkv,0.69,0.94,3,170,3,0,0,IT,3,1
483,23of9gh6lr,0.83,0.75,3,150,3,0,0,support,1,1
484,72fe6kh2y3,0.89,0.93,4,245,4,0,0,sales,2,0
485,px26fdvwhu,0.42,0.56,2,149,3,0,0,sales,1,1
486,doaera2eo6,0.68,0.92,4,209,6,0,0,support,1,1
487,xp2boebk52,0.41,0.52,2,142,3,0,0,sales,2,0
488,hqigalb8tk,0.78,0.68,5,168,3,0,0,sales,1,0
489,5u8mk90dpo,0.57,0.93,2,204,10,0,0,accounting,1,1
490,insbftp5j0,0.99,0.98,5,241,2,0,0,IT,2,1
491,7rw59d10cd,0.44,0.5,2,148,3,0,0,accounting,2,0
492,5mb26qwado,0.73,0.49,4,200,2,1,0,technical,1,0
493,cd3w23n438,0.72,0.82,5,287,3,0,0,technical,2,0
494,s89dkq2wk7,0.67,0.65,3,265,3,0,0,product_mng,2,1
495,0ch71np4c8,0.26,0.83,3,168,3,0,0,sales,1,0
496,biayiuwh6l,0.53,0.99,3,188,3,0,0,technical,3,1
497,c0zt57ap02,0.82,0.69,3,250,3,0,0,accounting,1,1
498,s2ht7o2f9v,0.79,0.5,4,252,3,1,0,hr,2,0
499,lh1a9yh68x,0.79,0.61,4,227,2,0,1,sales,3,1
500,xttlyjyioc,0.38,0.54,2,143,3,0,0,sales,1,1
501,a2j9to73au,1.0,0.49,4,227,3,1,0,IT,2,0
502,owaitveorn,0.84,0.93,3,159,3,0,0,sales,1,0
503,gk127sq21k,0.87,0.82,6,176,3,0,0,product_mng,1,1
504,htmkxuvnq2,0.88,0.61,3,236,3,0,0,hr,2,0
505,4zl5ovwezg,0.63,0.67,5,250,2,0,0,product_mng,1,1
506,ci8dq1ft0q,0.8,0.52,3,253,2,1,0,sales,1,0
507,mhy0aj6awb,0.11,0.88,5,250,4,0,0,RandD,2,1
508,p4s5h0zkqh,0.68,0.84,3,270,3,0,0,support,3,0
509,j7d4dtk26k,0.94,0.58,3,135,3,0,0,IT,1,1
510,6y4n08o01t,0.78,0.89,4,272,2,0,0,support,1,0
511,kzgzp0v2lf,0.43,0.81,3,102,3,0,0,sales,2,1
512,ccau393g8f,0.12,0.7,4,276,4,0,0,sales,1,1
513,41ckgab25z,0.5,0.57,3,223,3,0,0,technical,1,0
514,949dv956cy,0.1,0.84,6,261,4,0,0,accounting,2,1
515,iob0w9fiqe,0.91,0.5,3,276,4,0,0,support,1,1
516,y6nai9tvyw,0.94,0.99,2,157,3,0,0,sales,2,1
517,w63dptu4l9,0.65,0.86,4,267,2,0,0,support,2,1
518,2d89xn9cx9,0.3,0.91,4,248,4,0,0,management,1,1
519,jl98zitk62,0.74,0.52,3,213,3,0,0,support,2,0
520,7sxp9tyq21,0.93,0.95,2,156,3,1,0,support,1,1
521,7aejr2krj7,0.89,0.83,5,267,4,0,0,technical,1,0
522,7hn175t91g,0.59,0.55,3,179,3,0,0,support,2,1
523,6tckgxr1hw,0.53,0.64,3,143,2,0,0,sales,1,0
524,odhklotz39,0.38,0.52,2,145,3,0,0,sales,1,1
525,sgtztg82mu,0.44,0.55,2,141,3,0,0,support,1,1
526,39o13n2jkh,0.54,0.72,4,259,2,1,0,sales,1,0
527,rrpfwy8ycy,0.73,0.84,3,216,8,0,0,management,2,1
528,1k6epkle5o,0.93,0.6,3,188,3,0,0,marketing,3,1
529,5rai6aay0d,0.98,0.74,4,202,3,0,0,accounting,1,0
530,i247076r85,0.63,0.71,4,244,2,0,0,support,1,1
531,0hrwjt12fm,0.82,0.49,5,185,3,0,0,sales,1,0
532,730fvm3afi,0.96,0.68,3,206,3,0,0,sales,2,0
533,et09rkyjbs,0.35,0.56,4,142,2,0,0,hr,1,0
534,msya5uv663,0.81,0.44,4,166,4,1,0,support,1,0
535,8a15n59d58,0.9,0.6,3,255,4,1,0,marketing,1,1
536,o9xzk62r0w,0.11,0.9,6,264,4,0,0,technical,2,1
537,w1j5rjnrub,0.68,0.81,3,180,2,1,0,sales,3,0
538,xmopztlx7j,0.14,0.68,5,253,5,0,0,support,1,1
539,dxhqjrxy66,0.09,0.94,7,267,4,0,0,sales,2,0
540,11eka104fe,0.38,0.53,2,157,3,0,0,sales,1,1
541,ozyyuq3p8x,1.0,0.52,4,171,4,0,0,hr,2,1
542,brc5h10a6r,0.67,0.71,3,190,3,1,0,support,2,1
543,zc9wxpr4ob,0.9,0.7,3,223,2,0,0,IT,1,1
544,7a7i5dwr45,0.84,0.9,3,230,3,0,0,IT,2,1
545,3ew4tfdums,0.78,0.59,5,236,3,0,0,technical,3,0
546,3st3jmxtnv,0.63,0.5,3,140,2,0,0,sales,3,0
547,chmq2mie05,0.74,0.75,2,137,3,1,0,sales,1,0
548,gkxlr6bey5,0.26,0.7,3,238,6,0,0,support,2,1
549,cr8spcy1x6,0.24,0.63,4,203,5,0,0,technical,1,1
550,14cmo8lepw,0.7,0.6,3,183,3,0,0,sales,1,0
551,4e2dih7yuc,0.47,0.62,6,171,5,1,0,marketing,3,1
552,tkong6jimi,0.75,0.9,5,186,4,0,0,product_mng,1,1
553,snwmebahh6,0.62,0.91,4,231,3,0,0,technical,1,1
554,y3tjthfa88,0.6,0.52,3,183,2,0,0,support,1,0
555,hjwocm8izs,0.62,0.87,4,221,3,1,0,support,1,0
556,dywyrtwxjd,0.36,0.82,4,218,5,0,0,RandD,1,1
557,052md4znwz,0.49,0.67,4,185,2,0,0,sales,1,0
558,2tuijs6fag,0.36,0.6,2,136,6,0,0,technical,1,1
559,h9yzjiw1t3,0.98,0.77,3,191,2,0,0,sales,2,0
560,4pzfhjcd14,0.61,0.74,2,143,6,0,0,sales,2,1
561,upp4s5h66w,0.39,0.48,2,161,3,0,0,IT,1,1
562,186j1gterc,0.86,0.69,5,157,4,0,0,support,1,1
563,2y2hynq0wf,0.29,0.68,4,210,3,0,0,support,1,1
564,s6q6cjuyvq,0.46,0.54,2,143,3,0,0,sales,2,0
565,5451sw40ed,0.56,0.71,4,296,2,0,0,IT,2,1
566,t3y99u8kse,0.61,0.46,5,220,4,0,0,sales,1,1
567,m1zvfznj99,0.62,0.68,3,124,3,0,0,sales,2,0
568,4y080qdmqt,0.89,0.99,4,205,2,0,1,sales,2,1
569,cyc56rcth7,0.77,0.79,3,157,3,0,1,sales,2,1
570,qj7ydigt2f,0.99,0.97,4,208,3,0,0,management,2,1
571,brzd4or9xo,0.65,0.86,4,256,2,0,0,support,2,1
572,7s76g7b02w,0.92,0.74,4,213,3,0,0,sales,2,0
573,eejlafxuf9,0.61,0.52,3,224,3,0,0,hr,1,0
574,svchxgrxo1,0.78,0.9,4,104,4,0,0,RandD,1,1
575,liz6wld8as,0.48,0.81,5,113,3,0,0,technical,2,1
576,hbd9xfw4e1,0.75,0.68,3,237,5,0,0,sales,1,1
577,151btiwfci,0.9,0.66,4,160,2,1,0,support,2,0
578,f1itj362sq,0.84,0.55,5,264,3,0,0,technical,2,0
579,0tatmd7csj,0.11,0.91,5,291,4,0,0,technical,1,1
580,mn6hcxy976,0.54,0.52,5,170,4,0,0,technical,3,0
581,liqv9w28k9,0.76,0.74,4,187,3,0,0,support,2,1
582,vwcukfzi16,0.42,0.54,2,135,3,0,0,sales,2,1
583,0mqmz46q0j,0.41,0.55,2,148,3,0,0,sales,1,1
584,updmciuvu1,0.1,0.89,7,285,4,0,0,technical,1,1
585,hptk8uzzqq,0.78,0.91,5,150,4,0,0,support,1,1
586,9f0atgifge,0.76,0.78,3,162,3,0,0,technical,2,1
587,lms7r22xgd,0.6,0.77,4,157,4,0,0,product_mng,1,1
588,vt6yqe6nz8,0.74,1.0,5,223,5,0,0,accounting,1,0
589,4unq46c9s6,0.36,0.52,2,143,3,0,0,accounting,2,1
590,u1n03607il,0.37,0.47,2,138,3,1,0,accounting,2,1
591,ualcfkfb65,0.11,0.93,4,295,3,0,0,technical,1,1
592,5qrpgg0kg2,0.99,0.67,5,153,2,0,0,RandD,1,1
593,8njyfusjxb,0.39,0.57,2,132,3,0,0,support,1,1
594,4fayef3ymd,0.79,0.61,4,227,2,0,1,sales,3,1
595,caxca21p58,0.9,0.82,3,133,8,0,0,marketing,2,1
596,v2dzvqq18w,0.42,0.4,3,160,2,0,0,technical,1,1
597,c5sk5h3exh,0.88,0.75,4,159,2,0,0,hr,3,0
598,bl3bnktoiv,0.78,0.98,5,263,6,0,0,sales,1,0
599,i1ie4edhcc,0.37,0.45,2,131,3,0,0,sales,1,1
600,tl7ryxrjuk,0.48,0.54,2,144,3,0,0,accounting,1,0
601,5dv7yyso3m,0.71,0.57,3,218,3,0,0,product_mng,1,1
602,6v491fedw8,0.61,0.6,3,255,2,0,0,RandD,2,1
603,482hqcuc9m,0.11,0.83,6,253,4,0,0,support,1,1
604,6pbaq3k197,0.11,0.89,6,264,4,0,0,support,1,1
605,j0guvnyl6g,0.94,0.45,2,211,3,0,0,technical,1,0
606,c4rdeerru2,0.8,0.71,4,161,4,0,0,IT,1,1
607,j2tz37v912,0.65,0.55,5,206,3,0,0,sales,1,1
608,gchd7h1hmg,0.41,0.5,2,153,3,0,0,sales,1,0
609,z9bsphs1ld,0.38,1.0,5,137,4,0,0,support,1,1
610,5wvyx2az7l,0.68,0.89,4,227,3,0,0,technical,2,1
611,bryrdtms6t,0.77,0.83,3,160,3,0,0,support,1,1
612,330zwxedpj,0.72,0.62,3,243,2,1,0,hr,1,0
613,55k70jjep2,0.87,0.6,5,165,2,1,0,marketing,3,1
614,x2rbpovgzu,0.48,0.69,3,105,3,0,0,support,1,1
615,wy05crde77,0.96,0.88,5,269,2,0,0,support,2,0
616,tmxihnh8c9,0.37,0.47,2,151,3,0,0,sales,2,0
617,54hny03e1m,0.1,0.98,6,268,4,0,0,support,1,1
618,vwmat75yl7,0.52,0.83,5,145,3,0,0,sales,2,0
619,lz5x22mvjy,0.48,0.59,5,235,3,0,0,product_mng,1,1
620,i2wnp5no38,0.86,0.87,4,183,3,0,0,technical,1,0
621,qpqewb7q7l,0.83,0.86,4,98,4,0,0,sales,1,0
622,cur14kncwl,0.62,0.85,3,237,3,1,0,IT,2,1
623,ek5pat1ou7,0.99,0.52,4,167,3,0,0,hr,1,0
624,bdn41c2jlu,0.19,0.93,3,110,4,0,0,technical,2,1
625,xfhphovz57,0.58,0.76,4,197,5,0,0,sales,1,1
626,qvpt83idcy,0.15,0.94,5,244,6,0,0,technical,3,0
627,6deyzl2kx7,0.45,0.55,2,151,3,0,0,IT,2,1
628,1k6ct5wkbc,0.77,0.99,4,260,3,0,0,sales,2,0
629,g1yxzuc8gg,0.7,0.7,3,162,8,0,0,RandD,3,1
630,3z2db9pxa5,0.91,0.92,4,246,5,0,0,sales,1,0
631,81w4164jco,0.99,0.61,3,254,3,0,0,marketing,2,1
632,25zs1g4en2,0.84,0.83,4,227,5,0,0,accounting,1,1
633,fbo16mpree,0.27,0.54,7,278,3,0,0,technical,1,1
634,ca23x9hm5u,0.44,0.51,2,135,3,0,0,sales,2,1
635,iykpfedlun,0.91,0.78,4,153,3,0,0,RandD,2,1
636,jfsevg7a5b,0.96,0.52,4,228,3,0,0,sales,1,1
637,u7sh4o94g4,0.68,0.97,5,207,4,1,0,RandD,1,1
638,2g7yh53y6q,0.6,0.85,5,187,4,0,0,technical,2,1
639,n743219xjm,0.78,0.98,5,239,6,0,0,marketing,1,1
640,h78irbytuo,0.69,0.56,5,271,3,0,0,support,1,1
641,pyr9hzhbwe,0.69,0.66,3,113,4,0,0,sales,1,0
642,mnesv03np1,0.68,0.85,4,156,2,0,0,support,1,1
643,3lxg91dknw,0.76,0.88,4,206,4,0,0,hr,2,1
644,0stnr034is,0.55,0.64,3,178,2,0,1,sales,1,1
645,scawss0lu4,0.95,0.55,5,134,3,0,0,IT,2,1
646,34su4y6y1y,0.4,0.48,2,142,3,0,0,marketing,1,1
647,idput63xva,0.39,0.68,2,282,5,0,0,marketing,1,1
648,on0yke7848,0.11,0.85,6,261,4,0,0,support,1,1
649,exhv7foibt,0.86,0.82,2,207,4,1,0,technical,1,0
650,1fv54kpv2o,0.73,0.86,3,200,4,0,0,technical,2,1
651,01q0gqd8g4,0.49,0.66,3,155,3,0,1,sales,1,1
652,vrhvlxrwfe,0.6,0.5,5,203,3,0,0,sales,2,0
653,albl7a0mdi,0.95,0.9,3,155,3,0,0,technical,2,1
654,h67e41fy22,0.64,0.53,3,216,3,0,0,accounting,3,0
655,aws2n6rn4r,0.55,0.4,5,219,4,0,0,IT,2,1
656,ncn0m234tk,0.49,0.48,3,190,2,0,0,technical,2,0
657,qpqblyvdom,0.36,0.56,2,137,3,0,0,sales,1,1
658,u8n2af291p,0.11,0.94,7,255,4,0,0,support,1,1
659,gkv8kltys2,0.86,0.95,4,238,5,0,0,sales,2,0
660,t55d7y04fy,0.89,0.55,5,251,10,0,0,management,3,0
661,a02mmyzw14,0.1,0.86,6,278,4,0,0,technical,3,0
662,9mxre084q1,0.67,0.7,4,222,3,0,0,management,1,1
663,n2g88zhrlm,0.41,0.52,2,136,3,0,0,technical,1,1
664,3dy8dg2yhl,0.93,0.96,3,268,4,0,0,technical,1,1
665,674zfok4mi,0.83,0.99,5,132,3,0,0,technical,1,1
666,28psfjr9mo,0.72,0.99,5,257,5,0,0,IT,3,1
667,u92t4jqk1c,0.77,0.83,3,175,3,0,1,sales,2,1
668,inlz1619ni,0.58,0.79,5,262,2,0,0,sales,3,0
669,e3t17bllul,0.68,0.56,4,272,3,0,0,sales,1,1
670,w9l0gv8316,0.79,0.97,4,204,3,0,0,sales,2,0
671,5rrsinxd7i,0.89,0.69,3,173,3,0,0,sales,2,0
672,sy3wmn4121,0.79,0.54,4,244,3,0,0,management,3,0
673,l5jcpkmd5d,0.87,0.48,4,133,2,0,0,RandD,2,1
674,mydjwt086j,0.51,0.76,4,140,3,0,0,support,1,0
675,3w8i3pgcb6,0.64,0.52,5,258,10,1,0,management,3,0
676,7xkkhyiddb,0.42,0.54,3,122,4,0,0,support,1,0
677,f7m3kb5h0p,0.81,0.68,4,179,3,0,0,support,1,0
678,knah6cvrah,0.64,1.0,4,201,2,0,0,sales,2,0
679,e40daghh3z,0.48,0.98,3,259,6,0,0,IT,2,1
680,9ynq7f0mv3,0.63,0.93,4,238,4,0,0,sales,2,0
681,m72jzc8lrf,0.11,0.87,6,257,4,0,0,support,2,1
682,bmmwi3dwqp,0.77,0.83,5,197,4,0,0,management,3,1
683,qxhu7qeuje,0.42,0.57,2,154,3,1,0,marketing,2,1
684,t56v3rft4t,0.68,0.53,3,138,2,1,0,sales,1,0
685,w5tbxh5yri,0.93,0.56,3,266,2,0,0,IT,1,1
686,srunino83h,0.76,0.86,5,223,5,1,0,product_mng,2,1
687,m0wxezfy66,0.13,0.5,3,137,5,0,0,RandD,1,1
688,5cvbde6lu6,0.88,0.91,4,233,4,0,0,technical,3,1
689,ioyi82h83p,0.81,0.77,4,239,3,0,0,sales,2,0
690,ve8aqhij26,0.59,0.81,4,189,3,0,0,sales,2,0
691,1eiut356wa,0.95,0.84,3,240,7,0,0,sales,2,0
692,6li9fef7l0,0.39,0.56,2,156,3,0,0,IT,1,1
693,5v2khvtunq,0.14,0.71,2,155,3,0,0,sales,1,1
694,ru5xg9d3nb,0.78,0.68,2,159,3,1,0,support,2,1
695,wqzs4sfnr5,0.49,0.56,3,221,3,1,0,IT,1,1
696,4zbn2ua502,0.45,0.5,2,147,3,0,0,sales,1,0
697,qmkvfzkq5a,0.45,0.72,4,149,3,0,0,marketing,1,1
698,jz0b7yka3p,0.96,0.83,4,132,6,0,0,technical,3,1
699,lh801x6dh4,0.36,0.55,2,141,3,0,0,hr,2,1
700,ayzuyfjp9g,0.38,0.57,2,140,3,0,0,sales,1,1
701,4f2jgokdup,0.63,0.67,4,149,3,1,0,sales,2,0
702,4e2xonmy1o,1.0,0.67,5,241,4,0,0,RandD,2,1
703,t844mgkdql,0.86,0.51,4,152,3,0,0,technical,1,0
704,6ep1vubivh,0.84,0.93,5,236,5,0,0,support,2,1
705,hzgqzrstsi,0.56,0.83,5,275,2,0,0,sales,2,0
706,sftw0s5q7d,0.88,0.5,3,142,3,0,0,accounting,1,0
707,7a5ybkmkt8,0.13,0.72,4,148,5,0,0,hr,2,1
708,prxys28p3g,0.96,0.81,3,247,3,0,0,RandD,1,1
709,pcpmugge45,0.76,0.74,3,224,2,0,0,accounting,1,0
710,47g516z2cv,0.68,0.89,3,241,3,0,0,hr,1,0
711,unydnnpn06,0.66,0.36,3,256,6,0,0,support,2,0
712,r7ay1srtlt,0.84,0.74,3,234,3,1,0,sales,2,0
713,6k71o8upkr,0.82,0.71,2,209,5,0,1,marketing,2,1
714,im6kze493p,0.76,0.56,5,222,10,0,0,management,3,0
715,e7e7q0q78b,0.81,0.7,6,161,4,0,0,IT,2,1
716,g3ikfxt6s1,0.1,0.93,6,243,4,0,0,product_mng,1,1
717,7ib6wq6ba9,0.78,0.65,3,139,3,0,0,marketing,3,1
718,dfkob5dl9l,0.52,0.97,4,170,3,0,0,support,2,1
719,yknz292ebu,0.54,0.79,5,249,3,1,0,management,3,1
720,5juh4u1qpe,0.74,0.74,5,160,3,1,0,sales,3,0
721,ifi0vqfign,0.11,0.78,7,278,4,0,0,sales,1,1
722,ygfpuuyc8x,0.11,0.89,6,306,4,0,0,technical,1,1
723,ln6se2w8ki,0.51,0.58,3,141,3,0,0,hr,1,0
724,p0yozbf9oe,0.79,0.91,3,226,2,0,0,hr,1,0
725,sg2ez5opi7,0.91,0.55,3,223,4,1,0,technical,1,0
726,96ht46psqp,0.8,1.0,5,260,5,0,0,hr,1,0
727,ewzuynutdv,0.5,0.63,3,172,2,0,0,RandD,2,1
728,z8xkkskqag,0.63,0.54,4,147,4,0,0,technical,1,0
729,brd5s2m7ug,0.16,0.63,5,266,7,0,0,IT,1,1
730,mndjk4vdt2,0.14,0.98,6,221,5,0,0,IT,1,1
731,xdzkjbro9n,0.85,0.95,5,236,5,0,0,hr,1,0
732,fuqoezzaf4,0.21,0.93,4,243,4,0,0,technical,1,1
733,5ux6p3cfwh,0.91,1.0,5,251,6,0,0,sales,1,0
734,nszdxl1rvh,0.46,0.54,2,144,3,0,0,sales,1,1
735,ifghe9v9v1,0.11,0.97,6,277,4,0,0,product_mng,2,1
736,7z3vgwkcke,0.8,0.74,2,205,3,1,0,sales,1,0
737,elbfqvgzye,0.23,0.77,4,140,5,0,0,accounting,2,1
738,tk98lvz3if,0.48,0.72,4,186,3,0,0,RandD,1,1
739,plktosriep,0.48,0.39,4,272,3,0,0,marketing,1,1
740,ra12no5va8,0.37,0.56,2,156,3,0,0,sales,2,0
741,rs3anbey03,0.09,0.79,6,293,5,0,0,sales,1,1
742,h5sssax1xg,0.71,0.94,4,246,3,0,0,marketing,1,1
743,3f1q19gos8,0.66,0.99,4,209,3,0,0,sales,2,0
744,mpcjeehmi2,0.59,0.97,3,257,3,0,0,marketing,1,1
745,clnoybs7t3,0.76,0.79,3,161,3,0,0,technical,1,1
746,kh6xp7a5kx,0.6,0.61,3,104,5,0,0,IT,2,1
747,a4hwn9haii,0.98,0.67,4,189,4,0,0,support,3,1
748,r49bnkmyo1,0.79,0.6,5,235,2,0,0,IT,2,1
749,jtt9269p0r,0.42,0.46,2,150,3,0,0,sales,2,0
